{
  "loss": [
    0.4252237379550934,
    0.23667895793914795,
    0.19600577652454376,
    0.17234769463539124,
    0.1537546068429947,
    0.14784544706344604,
    0.14439630508422852,
    0.14110562205314636,
    0.13501618802547455,
    0.13607414066791534,
    0.13407614827156067,
    0.13331888616085052,
    0.1309414505958557,
    0.130934938788414,
    0.13037994503974915,
    0.12969781458377838,
    0.1296275556087494,
    0.13004864752292633,
    0.12904247641563416
  ],
  "mae": [
    0.4252237379550934,
    0.23667895793914795,
    0.19600577652454376,
    0.17234769463539124,
    0.1537546068429947,
    0.14784544706344604,
    0.14439630508422852,
    0.14110562205314636,
    0.13501618802547455,
    0.13607414066791534,
    0.13407614827156067,
    0.13331888616085052,
    0.1309414505958557,
    0.130934938788414,
    0.13037994503974915,
    0.12969781458377838,
    0.1296275556087494,
    0.13004864752292633,
    0.12904247641563416
  ],
  "mse": [
    0.8345012664794922,
    0.0921010673046112,
    0.06495679914951324,
    0.05139909312129021,
    0.04302773252129555,
    0.03988756984472275,
    0.03866469860076904,
    0.03730301558971405,
    0.03502245619893074,
    0.035098135471343994,
    0.03425358980894089,
    0.03391238674521446,
    0.03299581632018089,
    0.03315243124961853,
    0.03283604979515076,
    0.03269287198781967,
    0.032432883977890015,
    0.03302881866693497,
    0.03274859860539436
  ],
  "val_loss": [
    0.1554879993200302,
    0.19328385591506958,
    0.1627514362335205,
    0.1575775146484375,
    0.14996442198753357,
    0.16409294307231903,
    0.15562717616558075,
    0.15094730257987976,
    0.1342666894197464,
    0.1592901051044464,
    0.1360042840242386,
    0.15102243423461914,
    0.14934128522872925,
    0.1428532898426056,
    0.14583829045295715,
    0.15373487770557404,
    0.14962665736675262,
    0.14682786166667938,
    0.15055301785469055
  ],
  "val_mae": [
    0.1554879993200302,
    0.19328385591506958,
    0.1627514362335205,
    0.1575775146484375,
    0.14996442198753357,
    0.16409294307231903,
    0.15562717616558075,
    0.15094730257987976,
    0.1342666894197464,
    0.1592901051044464,
    0.1360042840242386,
    0.15102243423461914,
    0.14934128522872925,
    0.1428532898426056,
    0.14583829045295715,
    0.15373487770557404,
    0.14962665736675262,
    0.14682786166667938,
    0.15055301785469055
  ],
  "val_mse": [
    0.037887368351221085,
    0.05725375562906265,
    0.03753364086151123,
    0.0364815779030323,
    0.033340901136398315,
    0.040346693247556686,
    0.042909298092126846,
    0.03892386332154274,
    0.03201701119542122,
    0.044436290860176086,
    0.03265995904803276,
    0.04012083634734154,
    0.039609313011169434,
    0.03610368072986603,
    0.03798920288681984,
    0.04147520661354065,
    0.039578404277563095,
    0.03840412572026253,
    0.040167614817619324
  ],
  "learning_rate": [
    0.004999999888241291,
    0.004999999888241291,
    0.004999999888241291,
    0.004999999888241291,
    0.001500000013038516,
    0.001500000013038516,
    0.001500000013038516,
    0.001500000013038516,
    0.00044999999227002263,
    0.00044999999227002263,
    0.00044999999227002263,
    0.00044999999227002263,
    0.00013499999477062374,
    0.00013499999477062374,
    0.00013499999477062374,
    4.0499999158782884e-05,
    4.0499999158782884e-05,
    4.0499999158782884e-05,
    1.2149999747634865e-05
  ]
}