{
  "loss": [
    0.44079580903053284,
    0.24517524242401123,
    0.22642789781093597,
    0.20731845498085022,
    0.1896779090166092,
    0.16926811635494232,
    0.15540602803230286,
    0.149710550904274,
    0.14679111540317535,
    0.14029361307621002,
    0.14050717651844025,
    0.13888975977897644,
    0.13069471716880798,
    0.12972955405712128,
    0.12815269827842712,
    0.12742763757705688,
    0.1264687329530716,
    0.1288566291332245,
    0.12735314667224884,
    0.12763984501361847,
    0.1250109076499939,
    0.12600177526474,
    0.12261403352022171,
    0.12127429246902466,
    0.1217549741268158,
    0.1212097778916359,
    0.12014308571815491,
    0.12095215916633606,
    0.12083904445171356
  ],
  "mae": [
    0.44079580903053284,
    0.24517524242401123,
    0.22642789781093597,
    0.20731845498085022,
    0.1896779090166092,
    0.16926811635494232,
    0.15540602803230286,
    0.149710550904274,
    0.14679111540317535,
    0.14029361307621002,
    0.14050717651844025,
    0.13888975977897644,
    0.13069471716880798,
    0.12972955405712128,
    0.12815269827842712,
    0.12742763757705688,
    0.1264687329530716,
    0.1288566291332245,
    0.12735314667224884,
    0.12763984501361847,
    0.1250109076499939,
    0.12600177526474,
    0.12261403352022171,
    0.12127429246902466,
    0.1217549741268158,
    0.1212097778916359,
    0.12014308571815491,
    0.12095215916633606,
    0.12083904445171356
  ],
  "mse": [
    0.6476618051528931,
    0.09668859839439392,
    0.08385299891233444,
    0.07269664853811264,
    0.06202705577015877,
    0.050785016268491745,
    0.04448283091187477,
    0.041500598192214966,
    0.04036177694797516,
    0.03784612566232681,
    0.037731777876615524,
    0.03691243380308151,
    0.03397681936621666,
    0.03339849039912224,
    0.03282291814684868,
    0.0326274149119854,
    0.03174872323870659,
    0.03327406942844391,
    0.03245513141155243,
    0.03249373659491539,
    0.03169165924191475,
    0.032166823744773865,
    0.03086014837026596,
    0.030279036611318588,
    0.030646933242678642,
    0.030422192066907883,
    0.02978168986737728,
    0.030222436413168907,
    0.029724888503551483
  ],
  "val_loss": [
    0.462995707988739,
    0.4398914575576782,
    0.39260101318359375,
    0.39991703629493713,
    0.34254446625709534,
    0.312419056892395,
    0.2593030333518982,
    0.2653535306453705,
    0.1419755071401596,
    0.17634353041648865,
    0.20420688390731812,
    0.1646665781736374,
    0.1700032353401184,
    0.12897858023643494,
    0.12414473295211792,
    0.11610930413007736,
    0.11997240781784058,
    0.1193343922495842,
    0.11384900659322739,
    0.12090037763118744,
    0.12428809702396393,
    0.12505528330802917,
    0.11487528681755066,
    0.12004008144140244,
    0.1277676522731781,
    0.12120966613292694,
    0.12282673269510269,
    0.11751758307218552,
    0.11975903809070587
  ],
  "val_mae": [
    0.462995707988739,
    0.4398914575576782,
    0.39260101318359375,
    0.39991703629493713,
    0.34254446625709534,
    0.312419056892395,
    0.2593030333518982,
    0.2653535306453705,
    0.1419755071401596,
    0.17634353041648865,
    0.20420688390731812,
    0.1646665781736374,
    0.1700032353401184,
    0.12897858023643494,
    0.12414473295211792,
    0.11610930413007736,
    0.11997240781784058,
    0.1193343922495842,
    0.11384900659322739,
    0.12090037763118744,
    0.12428809702396393,
    0.12505528330802917,
    0.11487528681755066,
    0.12004008144140244,
    0.1277676522731781,
    0.12120966613292694,
    0.12282673269510269,
    0.11751758307218552,
    0.11975903809070587
  ],
  "val_mse": [
    0.23935018479824066,
    0.21911469101905823,
    0.1791079193353653,
    0.18445371091365814,
    0.14007382094860077,
    0.1213628351688385,
    0.09094689041376114,
    0.09073517471551895,
    0.036664508283138275,
    0.05026369169354439,
    0.06290147453546524,
    0.0450882762670517,
    0.0478011779487133,
    0.02924051508307457,
    0.02785414457321167,
    0.0257651899009943,
    0.027425752952694893,
    0.024936271831393242,
    0.025208765640854836,
    0.028822671622037888,
    0.029916299507021904,
    0.025189796462655067,
    0.025241216644644737,
    0.02553681470453739,
    0.030403487384319305,
    0.027660002931952477,
    0.027738399803638458,
    0.025483274832367897,
    0.026807507500052452
  ],
  "learning_rate": [
    0.004999999888241291,
    0.004999999888241291,
    0.004999999888241291,
    0.004999999888241291,
    0.004999999888241291,
    0.004999999888241291,
    0.004999999888241291,
    0.004999999888241291,
    0.004999999888241291,
    0.004999999888241291,
    0.004999999888241291,
    0.004999999888241291,
    0.001500000013038516,
    0.001500000013038516,
    0.001500000013038516,
    0.001500000013038516,
    0.001500000013038516,
    0.001500000013038516,
    0.001500000013038516,
    0.001500000013038516,
    0.001500000013038516,
    0.001500000013038516,
    0.00044999999227002263,
    0.00044999999227002263,
    0.00044999999227002263,
    0.00013499999477062374,
    0.00013499999477062374,
    0.00013499999477062374,
    4.0499999158782884e-05
  ]
}