{
  "loss": [
    0.39011141657829285,
    0.26575642824172974,
    0.24328485131263733,
    0.20715206861495972,
    0.18313555419445038,
    0.18006601929664612,
    0.16548745334148407,
    0.16603340208530426,
    0.1483215093612671,
    0.14471353590488434,
    0.14680393040180206,
    0.14012497663497925,
    0.13314607739448547,
    0.1323309987783432,
    0.13210535049438477,
    0.12695500254631042,
    0.12758710980415344,
    0.12656015157699585,
    0.12591040134429932
  ],
  "mae": [
    0.39011141657829285,
    0.26575642824172974,
    0.24328485131263733,
    0.20715206861495972,
    0.18313555419445038,
    0.18006601929664612,
    0.16548745334148407,
    0.16603340208530426,
    0.1483215093612671,
    0.14471353590488434,
    0.14680393040180206,
    0.14012497663497925,
    0.13314607739448547,
    0.1323309987783432,
    0.13210535049438477,
    0.12695500254631042,
    0.12758710980415344,
    0.12656015157699585,
    0.12591040134429932
  ],
  "mse": [
    0.5066307783126831,
    0.11091947555541992,
    0.09462635219097137,
    0.07488422840833664,
    0.06022317335009575,
    0.057745497673749924,
    0.04999487102031708,
    0.0498763769865036,
    0.04186219722032547,
    0.04019470140337944,
    0.04146652668714523,
    0.03844411298632622,
    0.03563283756375313,
    0.03495613858103752,
    0.034767571836709976,
    0.03344042971730232,
    0.033065665513277054,
    0.03301812708377838,
    0.032670844346284866
  ],
  "val_loss": [
    0.2209939956665039,
    0.4121588170528412,
    0.2068854719400406,
    0.23781830072402954,
    0.1838725060224533,
    0.16012196242809296,
    0.3124352991580963,
    0.22105810046195984,
    0.15581898391246796,
    0.18863897025585175,
    0.2326364815235138,
    0.23799514770507812,
    0.18181724846363068,
    0.17096668481826782,
    0.2117621749639511,
    0.18086591362953186,
    0.16955259442329407,
    0.17610900104045868,
    0.1861884742975235
  ],
  "val_mae": [
    0.2209939956665039,
    0.4121588170528412,
    0.2068854719400406,
    0.23781830072402954,
    0.1838725060224533,
    0.16012196242809296,
    0.3124352991580963,
    0.22105810046195984,
    0.15581898391246796,
    0.18863897025585175,
    0.2326364815235138,
    0.23799514770507812,
    0.18181724846363068,
    0.17096668481826782,
    0.2117621749639511,
    0.18086591362953186,
    0.16955259442329407,
    0.17610900104045868,
    0.1861884742975235
  ],
  "val_mse": [
    0.08000985532999039,
    0.2273881435394287,
    0.07395555824041367,
    0.09302034229040146,
    0.052980273962020874,
    0.04720252379775047,
    0.1344911903142929,
    0.08298181742429733,
    0.04293312877416611,
    0.059631794691085815,
    0.08626401424407959,
    0.09028103202581406,
    0.05813850089907646,
    0.05347791686654091,
    0.07525196671485901,
    0.05966271087527275,
    0.05292044207453728,
    0.05617047846317291,
    0.06167401373386383
  ],
  "learning_rate": [
    0.004999999888241291,
    0.004999999888241291,
    0.004999999888241291,
    0.004999999888241291,
    0.004999999888241291,
    0.004999999888241291,
    0.004999999888241291,
    0.004999999888241291,
    0.004999999888241291,
    0.004999999888241291,
    0.004999999888241291,
    0.004999999888241291,
    0.001500000013038516,
    0.001500000013038516,
    0.001500000013038516,
    0.00044999999227002263,
    0.00044999999227002263,
    0.00044999999227002263,
    0.00013499999477062374
  ]
}