{
  "loss": [
    0.3150954246520996,
    0.21191993355751038,
    0.2071441113948822,
    0.18877708911895752,
    0.16749069094657898,
    0.15763618052005768,
    0.15024429559707642,
    0.14464324712753296,
    0.1408277451992035,
    0.13699591159820557,
    0.13253551721572876,
    0.13050520420074463,
    0.12736675143241882,
    0.12140686064958572,
    0.12131080031394958,
    0.12091534584760666,
    0.11947470158338547,
    0.11822233349084854,
    0.11802393198013306,
    0.1184891015291214,
    0.11757230013608932,
    0.11545641720294952,
    0.11531741172075272,
    0.1151411235332489,
    0.11437199264764786,
    0.11376461386680603,
    0.1128145158290863,
    0.1137741208076477,
    0.11341799050569534,
    0.1136254295706749,
    0.11429253965616226,
    0.11232110112905502,
    0.11436379700899124,
    0.11381269246339798,
    0.11247482895851135,
    0.11310083419084549
  ],
  "mae": [
    0.3150954246520996,
    0.21191993355751038,
    0.2071441113948822,
    0.18877708911895752,
    0.16749069094657898,
    0.15763618052005768,
    0.15024429559707642,
    0.14464324712753296,
    0.1408277451992035,
    0.13699591159820557,
    0.13253551721572876,
    0.13050520420074463,
    0.12736675143241882,
    0.12140686064958572,
    0.12131080031394958,
    0.12091534584760666,
    0.11947470158338547,
    0.11822233349084854,
    0.11802393198013306,
    0.1184891015291214,
    0.11757230013608932,
    0.11545641720294952,
    0.11531741172075272,
    0.1151411235332489,
    0.11437199264764786,
    0.11376461386680603,
    0.1128145158290863,
    0.1137741208076477,
    0.11341799050569534,
    0.1136254295706749,
    0.11429253965616226,
    0.11232110112905502,
    0.11436379700899124,
    0.11381269246339798,
    0.11247482895851135,
    0.11310083419084549
  ],
  "mse": [
    0.29427289962768555,
    0.07415113598108292,
    0.07058778405189514,
    0.05950263887643814,
    0.04769296571612358,
    0.043235983699560165,
    0.03915410488843918,
    0.036633510142564774,
    0.03532081097364426,
    0.03380761295557022,
    0.031561002135276794,
    0.030502207577228546,
    0.029438646510243416,
    0.026894668117165565,
    0.027199149131774902,
    0.02701837755739689,
    0.026517827063798904,
    0.02608075737953186,
    0.025795098394155502,
    0.026170702651143074,
    0.02571036107838154,
    0.024649037048220634,
    0.0249098502099514,
    0.02485395409166813,
    0.02454548515379429,
    0.024298256263136864,
    0.02391876094043255,
    0.024152318015694618,
    0.024147966876626015,
    0.02422269620001316,
    0.024588149040937424,
    0.024072544649243355,
    0.024256577715277672,
    0.02438359521329403,
    0.023697983473539352,
    0.024464622139930725
  ],
  "val_loss": [
    0.38709914684295654,
    0.5184207558631897,
    0.5278065800666809,
    0.5343521237373352,
    0.38371461629867554,
    0.35187166929244995,
    0.3563181459903717,
    0.3808763027191162,
    0.3394768536090851,
    0.3258529603481293,
    0.37093743681907654,
    0.34236496686935425,
    0.33113282918930054,
    0.2931988835334778,
    0.28465089201927185,
    0.29579830169677734,
    0.3131273090839386,
    0.27607718110084534,
    0.2957462966442108,
    0.305652916431427,
    0.2898823320865631,
    0.26917922496795654,
    0.2897242307662964,
    0.2779799699783325,
    0.27774038910865784,
    0.2690247595310211,
    0.275913804769516,
    0.28071069717407227,
    0.28149253129959106,
    0.27861741185188293,
    0.27595746517181396,
    0.27743616700172424,
    0.27867546677589417,
    0.2784177362918854,
    0.2781049609184265,
    0.27764472365379333
  ],
  "val_mae": [
    0.38709914684295654,
    0.5184207558631897,
    0.5278065800666809,
    0.5343521237373352,
    0.38371461629867554,
    0.35187166929244995,
    0.3563181459903717,
    0.3808763027191162,
    0.3394768536090851,
    0.3258529603481293,
    0.37093743681907654,
    0.34236496686935425,
    0.33113282918930054,
    0.2931988835334778,
    0.28465089201927185,
    0.29579830169677734,
    0.3131273090839386,
    0.27607718110084534,
    0.2957462966442108,
    0.3056528866291046,
    0.2898823320865631,
    0.26917922496795654,
    0.2897242307662964,
    0.2779799699783325,
    0.27774038910865784,
    0.2690247595310211,
    0.275913804769516,
    0.28071069717407227,
    0.28149253129959106,
    0.27861741185188293,
    0.27595746517181396,
    0.27743616700172424,
    0.27867546677589417,
    0.278417706489563,
    0.2781049609184265,
    0.27764472365379333
  ],
  "val_mse": [
    0.17599806189537048,
    0.30570876598358154,
    0.316049724817276,
    0.3243723213672638,
    0.17494863271713257,
    0.14736288785934448,
    0.15161611139774323,
    0.1713661104440689,
    0.13933642208576202,
    0.12793244421482086,
    0.16360467672348022,
    0.1399511992931366,
    0.13151755928993225,
    0.1054113507270813,
    0.10039928555488586,
    0.1069469153881073,
    0.11852416396141052,
    0.09550769627094269,
    0.10700900107622147,
    0.11344245076179504,
    0.10314090549945831,
    0.09078386425971985,
    0.10306325554847717,
    0.09592579305171967,
    0.09600283205509186,
    0.0909339115023613,
    0.09470495581626892,
    0.09757404029369354,
    0.09805344045162201,
    0.09636664390563965,
    0.09479912370443344,
    0.09568613767623901,
    0.09642164409160614,
    0.09625843912363052,
    0.09606000781059265,
    0.09578287601470947
  ],
  "learning_rate": [
    0.004999999888241291,
    0.004999999888241291,
    0.004999999888241291,
    0.004999999888241291,
    0.001500000013038516,
    0.001500000013038516,
    0.001500000013038516,
    0.001500000013038516,
    0.001500000013038516,
    0.001500000013038516,
    0.001500000013038516,
    0.001500000013038516,
    0.001500000013038516,
    0.00044999999227002263,
    0.00044999999227002263,
    0.00044999999227002263,
    0.00044999999227002263,
    0.00044999999227002263,
    0.00044999999227002263,
    0.00044999999227002263,
    0.00044999999227002263,
    0.00013499999477062374,
    0.00013499999477062374,
    0.00013499999477062374,
    0.00013499999477062374,
    4.0499999158782884e-05,
    4.0499999158782884e-05,
    4.0499999158782884e-05,
    4.0499999158782884e-05,
    1.2149999747634865e-05,
    1.2149999747634865e-05,
    1.2149999747634865e-05,
    3.6449998788157245e-06,
    3.6449998788157245e-06,
    3.6449998788157245e-06,
    1.0934999181699823e-06
  ]
}