{
  "loss": [
    0.36935657262802124,
    0.22527168691158295,
    0.19731006026268005,
    0.176223024725914,
    0.1557600498199463,
    0.15549515187740326,
    0.14241820573806763,
    0.14106129109859467,
    0.1337631195783615,
    0.13175271451473236,
    0.13098008930683136,
    0.12852028012275696,
    0.12987318634986877,
    0.1228543296456337,
    0.12226580083370209,
    0.12203076481819153,
    0.11900967359542847,
    0.11906890571117401,
    0.11812716722488403,
    0.11804481595754623
  ],
  "mae": [
    0.36935657262802124,
    0.22527168691158295,
    0.19731006026268005,
    0.176223024725914,
    0.1557600498199463,
    0.15549515187740326,
    0.14241820573806763,
    0.14106129109859467,
    0.1337631195783615,
    0.13175271451473236,
    0.13098008930683136,
    0.12852028012275696,
    0.12987318634986877,
    0.1228543296456337,
    0.12226580083370209,
    0.12203076481819153,
    0.11900967359542847,
    0.11906890571117401,
    0.11812716722488403,
    0.11804481595754623
  ],
  "mse": [
    0.4871952533721924,
    0.08350178599357605,
    0.06592236459255219,
    0.0540018305182457,
    0.044553834944963455,
    0.043679870665073395,
    0.03912542760372162,
    0.03769126906991005,
    0.03511941805481911,
    0.03433331847190857,
    0.034199584275484085,
    0.033591900020837784,
    0.03417807072401047,
    0.031725846230983734,
    0.03148752078413963,
    0.03152838349342346,
    0.03030198998749256,
    0.030221976339817047,
    0.02992013469338417,
    0.029788212850689888
  ],
  "val_loss": [
    0.5457991361618042,
    0.6604347229003906,
    0.5256779193878174,
    0.35851308703422546,
    0.3531820774078369,
    0.3061027526855469,
    0.32619795203208923,
    0.30057114362716675,
    0.28737500309944153,
    0.24486297369003296,
    0.2692229449748993,
    0.2680891454219818,
    0.27388742566108704,
    0.27206236124038696,
    0.24585218727588654,
    0.26597297191619873,
    0.26408353447914124,
    0.2569664418697357,
    0.25373852252960205,
    0.25648945569992065
  ],
  "val_mae": [
    0.5457991361618042,
    0.6604347229003906,
    0.5256779193878174,
    0.35851308703422546,
    0.3531820774078369,
    0.3061027526855469,
    0.32619795203208923,
    0.30057114362716675,
    0.28737500309944153,
    0.24486297369003296,
    0.2692229449748993,
    0.2680891454219818,
    0.27388742566108704,
    0.27206236124038696,
    0.24585218727588654,
    0.26597297191619873,
    0.26408353447914124,
    0.2569664418697357,
    0.25373852252960205,
    0.25648945569992065
  ],
  "val_mse": [
    0.36482781171798706,
    0.5229402780532837,
    0.35523203015327454,
    0.24113820493221283,
    0.21759958565235138,
    0.16384351253509521,
    0.16606266796588898,
    0.13942678272724152,
    0.13395656645298004,
    0.09841005504131317,
    0.12109130620956421,
    0.11536190658807755,
    0.12272049486637115,
    0.12053915858268738,
    0.10820398479700089,
    0.13146927952766418,
    0.11796027421951294,
    0.11188861727714539,
    0.11883073300123215,
    0.11071084439754486
  ],
  "learning_rate": [
    0.004999999888241291,
    0.004999999888241291,
    0.004999999888241291,
    0.004999999888241291,
    0.004999999888241291,
    0.004999999888241291,
    0.004999999888241291,
    0.004999999888241291,
    0.004999999888241291,
    0.004999999888241291,
    0.004999999888241291,
    0.004999999888241291,
    0.004999999888241291,
    0.001500000013038516,
    0.001500000013038516,
    0.001500000013038516,
    0.00044999999227002263,
    0.00044999999227002263,
    0.00044999999227002263,
    0.00013499999477062374
  ]
}