{
  "loss": [
    0.27221012115478516,
    0.19043689966201782,
    0.16945286095142365,
    0.16747215390205383,
    0.1579185575246811,
    0.16111408174037933,
    0.15169119834899902,
    0.1507066935300827,
    0.14633961021900177,
    0.14167900383472443,
    0.14269326627254486,
    0.14132073521614075,
    0.14127393066883087,
    0.1389976590871811,
    0.1370709240436554,
    0.13809168338775635,
    0.1362355798482895,
    0.13493405282497406,
    0.13322147727012634,
    0.13209888339042664,
    0.1310187727212906,
    0.12831304967403412,
    0.12750719487667084,
    0.1260668784379959,
    0.12852376699447632,
    0.12770730257034302
  ],
  "mae": [
    0.27221012115478516,
    0.19043689966201782,
    0.16945286095142365,
    0.16747215390205383,
    0.1579185575246811,
    0.16111408174037933,
    0.15169119834899902,
    0.1507066935300827,
    0.14633961021900177,
    0.14167900383472443,
    0.14269326627254486,
    0.14132073521614075,
    0.14127393066883087,
    0.1389976590871811,
    0.1370709240436554,
    0.13809168338775635,
    0.1362355798482895,
    0.13493405282497406,
    0.13322147727012634,
    0.13209888339042664,
    0.1310187727212906,
    0.12831304967403412,
    0.12750719487667084,
    0.1260668784379959,
    0.12852376699447632,
    0.12770730257034302
  ],
  "mse": [
    0.13369537889957428,
    0.0622967928647995,
    0.05059635266661644,
    0.049780555069446564,
    0.04495101049542427,
    0.0471387580037117,
    0.0422503799200058,
    0.04146196320652962,
    0.040677301585674286,
    0.03806835040450096,
    0.03811924159526825,
    0.037337612360715866,
    0.03821377083659172,
    0.03679376095533371,
    0.035594649612903595,
    0.03575615584850311,
    0.03608587384223938,
    0.03558473289012909,
    0.03516419604420662,
    0.03419654816389084,
    0.033313117921352386,
    0.032952409237623215,
    0.03239527717232704,
    0.031881581991910934,
    0.03266768157482147,
    0.03237595781683922
  ],
  "val_loss": [
    0.2017371505498886,
    0.1629694104194641,
    0.1917547881603241,
    0.1561601608991623,
    0.2752982974052429,
    0.15635639429092407,
    0.16941210627555847,
    0.16949282586574554,
    0.16032828390598297,
    0.1582171618938446,
    0.18843479454517365,
    0.1732001155614853,
    0.18927116692066193,
    0.15044580399990082,
    0.17393052577972412,
    0.13934463262557983,
    0.17902657389640808,
    0.1675853133201599,
    0.15438684821128845,
    0.17594431340694427,
    0.18679702281951904,
    0.21862751245498657,
    0.1690773367881775,
    0.1663733273744583,
    0.15977925062179565,
    0.1966066211462021
  ],
  "val_mae": [
    0.2017371505498886,
    0.1629694104194641,
    0.1917547881603241,
    0.1561601608991623,
    0.2752982974052429,
    0.15635639429092407,
    0.16941210627555847,
    0.16949282586574554,
    0.16032828390598297,
    0.1582171618938446,
    0.18843479454517365,
    0.1732001155614853,
    0.18927116692066193,
    0.15044580399990082,
    0.17393052577972412,
    0.13934463262557983,
    0.17902657389640808,
    0.1675853133201599,
    0.15438684821128845,
    0.17594431340694427,
    0.18679702281951904,
    0.21862751245498657,
    0.1690773367881775,
    0.1663733273744583,
    0.15977925062179565,
    0.1966066211462021
  ],
  "val_mse": [
    0.06912688910961151,
    0.04564822465181351,
    0.06531890481710434,
    0.042540665715932846,
    0.10979507118463516,
    0.04472332075238228,
    0.050600942224264145,
    0.05363660678267479,
    0.0468863882124424,
    0.046844735741615295,
    0.06048646569252014,
    0.053730372339487076,
    0.060272376984357834,
    0.04220195114612579,
    0.054277367889881134,
    0.03780186548829079,
    0.056163180619478226,
    0.04991559311747551,
    0.045554857701063156,
    0.053560685366392136,
    0.058966219425201416,
    0.07322782278060913,
    0.05214856192469597,
    0.050252705812454224,
    0.04718726873397827,
    0.06323125213384628
  ],
  "learning_rate": [
    0.0010000000474974513,
    0.0010000000474974513,
    0.0010000000474974513,
    0.0010000000474974513,
    0.0010000000474974513,
    0.0010000000474974513,
    0.0010000000474974513,
    0.0010000000474974513,
    0.0010000000474974513,
    0.0005000000237487257,
    0.0005000000237487257,
    0.0005000000237487257,
    0.0005000000237487257,
    0.0005000000237487257,
    0.0005000000237487257,
    0.0005000000237487257,
    0.0005000000237487257,
    0.0005000000237487257,
    0.0005000000237487257,
    0.0005000000237487257,
    0.0005000000237487257,
    0.0002500000118743628,
    0.0002500000118743628,
    0.0002500000118743628,
    0.0002500000118743628,
    0.0002500000118743628
  ]
}