{
  "loss": [
    0.2641526460647583,
    0.18042705953121185,
    0.16952423751354218,
    0.16247843205928802,
    0.15799580514431,
    0.1547912061214447,
    0.1513962298631668,
    0.1515813171863556,
    0.14351047575473785,
    0.14323566854000092,
    0.13989503681659698,
    0.14109459519386292,
    0.13848678767681122,
    0.1368722915649414,
    0.1313410997390747,
    0.13004563748836517,
    0.12904156744480133,
    0.1286824643611908,
    0.12715178728103638,
    0.12826718389987946,
    0.12457141280174255,
    0.12634651362895966,
    0.12491389364004135,
    0.12153699994087219,
    0.12065451592206955,
    0.12075641751289368,
    0.1194009929895401,
    0.11945649236440659
  ],
  "mae": [
    0.2641526460647583,
    0.18042705953121185,
    0.16952423751354218,
    0.16247843205928802,
    0.15799580514431,
    0.1547912061214447,
    0.1513962298631668,
    0.1515813171863556,
    0.14351047575473785,
    0.14323566854000092,
    0.13989503681659698,
    0.14109459519386292,
    0.13848678767681122,
    0.1368722915649414,
    0.1313410997390747,
    0.13004563748836517,
    0.12904156744480133,
    0.1286824643611908,
    0.12715178728103638,
    0.12826718389987946,
    0.12457141280174255,
    0.12634651362895966,
    0.12491389364004135,
    0.12153699994087219,
    0.12065451592206955,
    0.12075641751289368,
    0.1194009929895401,
    0.11945649236440659
  ],
  "mse": [
    0.14775294065475464,
    0.0567408949136734,
    0.05031019449234009,
    0.04681243747472763,
    0.04483097419142723,
    0.04290987551212311,
    0.04153136536478996,
    0.04156827554106712,
    0.037976861000061035,
    0.03768773749470711,
    0.03654943034052849,
    0.03690248355269432,
    0.035935163497924805,
    0.03506101667881012,
    0.03293756768107414,
    0.03262083977460861,
    0.032078441232442856,
    0.03220265731215477,
    0.03125542402267456,
    0.03189055621623993,
    0.030568502843379974,
    0.031186196953058243,
    0.030083898454904556,
    0.029640953987836838,
    0.028980834409594536,
    0.02877817302942276,
    0.02877526916563511,
    0.02879919297993183
  ],
  "val_loss": [
    0.4475580155849457,
    0.2905007600784302,
    0.32134804129600525,
    0.25644534826278687,
    0.2761997878551483,
    0.26962950825691223,
    0.23817840218544006,
    0.1562996506690979,
    0.13678304851055145,
    0.19496603310108185,
    0.16991092264652252,
    0.26857790350914,
    0.14019301533699036,
    0.1531611680984497,
    0.2028273344039917,
    0.13780441880226135,
    0.14501850306987762,
    0.12744654715061188,
    0.18060192465782166,
    0.1514887809753418,
    0.14912629127502441,
    0.18229837715625763,
    0.13402996957302094,
    0.13452531397342682,
    0.13668666779994965,
    0.13822557032108307,
    0.13716866075992584,
    0.13933908939361572
  ],
  "val_mae": [
    0.4475580155849457,
    0.2905007600784302,
    0.32134804129600525,
    0.25644534826278687,
    0.2761997878551483,
    0.26962950825691223,
    0.23817840218544006,
    0.1562996506690979,
    0.13678304851055145,
    0.19496603310108185,
    0.16991092264652252,
    0.26857790350914,
    0.14019301533699036,
    0.1531611680984497,
    0.2028273344039917,
    0.13780441880226135,
    0.14501850306987762,
    0.12744654715061188,
    0.18060192465782166,
    0.1514887809753418,
    0.14912629127502441,
    0.18229837715625763,
    0.13402996957302094,
    0.13452531397342682,
    0.13668666779994965,
    0.13822557032108307,
    0.13716866075992584,
    0.13933908939361572
  ],
  "val_mse": [
    0.2241242229938507,
    0.10726873576641083,
    0.1281299889087677,
    0.08951906859874725,
    0.10119420289993286,
    0.09626244753599167,
    0.0801115334033966,
    0.042219750583171844,
    0.03270166367292404,
    0.05885249003767967,
    0.048725664615631104,
    0.09517254680395126,
    0.034866929054260254,
    0.04059411585330963,
    0.06326325237751007,
    0.03414269536733627,
    0.03768341988325119,
    0.02935410663485527,
    0.05393892526626587,
    0.039766449481248856,
    0.03917433321475983,
    0.05359329283237457,
    0.0328240729868412,
    0.03167987987399101,
    0.03438229858875275,
    0.03521976247429848,
    0.03439947962760925,
    0.03469393029808998
  ],
  "learning_rate": [
    0.0010000000474974513,
    0.0010000000474974513,
    0.0010000000474974513,
    0.0010000000474974513,
    0.0010000000474974513,
    0.0010000000474974513,
    0.0010000000474974513,
    0.0010000000474974513,
    0.0010000000474974513,
    0.0010000000474974513,
    0.0010000000474974513,
    0.0010000000474974513,
    0.0010000000474974513,
    0.0010000000474974513,
    0.0005000000237487257,
    0.0005000000237487257,
    0.0005000000237487257,
    0.0005000000237487257,
    0.0005000000237487257,
    0.0005000000237487257,
    0.0005000000237487257,
    0.0005000000237487257,
    0.0005000000237487257,
    0.0002500000118743628,
    0.0002500000118743628,
    0.0002500000118743628,
    0.0002500000118743628,
    0.0002500000118743628
  ]
}