{
  "loss": [
    0.24954529106616974,
    0.17459559440612793,
    0.16870543360710144,
    0.15654850006103516,
    0.15550586581230164,
    0.15167111158370972,
    0.14751005172729492,
    0.13980309665203094,
    0.13749440014362335,
    0.13399749994277954,
    0.1339057981967926,
    0.1328616589307785
  ],
  "mae": [
    0.24954529106616974,
    0.17459559440612793,
    0.16870543360710144,
    0.15654850006103516,
    0.15550586581230164,
    0.15167111158370972,
    0.14751005172729492,
    0.13980309665203094,
    0.13749440014362335,
    0.13399749994277954,
    0.1339057981967926,
    0.1328616589307785
  ],
  "mse": [
    0.13914541900157928,
    0.052843958139419556,
    0.04980186000466347,
    0.04366068169474602,
    0.04345972463488579,
    0.04118470102548599,
    0.03966493532061577,
    0.03626876696944237,
    0.03549841791391373,
    0.03361744061112404,
    0.03385338559746742,
    0.033501382917165756
  ],
  "val_loss": [
    0.30250629782676697,
    0.11781291663646698,
    0.13625311851501465,
    0.19744201004505157,
    0.15131035447120667,
    0.28063878417015076,
    0.24089838564395905,
    0.20831169188022614,
    0.19178731739521027,
    0.15214674174785614,
    0.1931743025779724,
    0.1605694591999054
  ],
  "val_mae": [
    0.30250629782676697,
    0.11781291663646698,
    0.13625311851501465,
    0.19744201004505157,
    0.15131035447120667,
    0.28063878417015076,
    0.24089838564395905,
    0.20831169188022614,
    0.19178731739521027,
    0.15214674174785614,
    0.1931743025779724,
    0.1605694591999054
  ],
  "val_mse": [
    0.11020452529191971,
    0.021498065441846848,
    0.02852519601583481,
    0.05406135693192482,
    0.033068057149648666,
    0.09390921145677567,
    0.07225419580936432,
    0.056157588958740234,
    0.04910659044981003,
    0.03508398309350014,
    0.05160226672887802,
    0.03639497980475426
  ],
  "learning_rate": [
    0.0010000000474974513,
    0.0010000000474974513,
    0.0010000000474974513,
    0.0010000000474974513,
    0.0010000000474974513,
    0.0010000000474974513,
    0.0010000000474974513,
    0.0005000000237487257,
    0.0005000000237487257,
    0.0005000000237487257,
    0.0005000000237487257,
    0.0005000000237487257
  ]
}