{
  "loss": [
    0.26916730403900146,
    0.18263424932956696,
    0.1701507866382599,
    0.15797695517539978,
    0.15670721232891083,
    0.15012863278388977,
    0.14764341711997986,
    0.14522679150104523,
    0.14355726540088654,
    0.13980256021022797,
    0.13906511664390564,
    0.1327430009841919,
    0.1320984810590744,
    0.12734393775463104,
    0.12835858762264252,
    0.1258644163608551,
    0.126576766371727,
    0.12529247999191284
  ],
  "mae": [
    0.26916730403900146,
    0.18263424932956696,
    0.1701507866382599,
    0.15797695517539978,
    0.15670721232891083,
    0.15012863278388977,
    0.14764341711997986,
    0.14522679150104523,
    0.14355726540088654,
    0.13980256021022797,
    0.13906511664390564,
    0.1327430009841919,
    0.1320984810590744,
    0.12734393775463104,
    0.12835858762264252,
    0.1258644163608551,
    0.126576766371727,
    0.12529247999191284
  ],
  "mse": [
    0.1474611759185791,
    0.05826954171061516,
    0.050268977880477905,
    0.04469723254442215,
    0.044062621891498566,
    0.041503943502902985,
    0.040074627846479416,
    0.03900265321135521,
    0.03829716891050339,
    0.037119414657354355,
    0.03676510974764824,
    0.03402883559465408,
    0.03359608352184296,
    0.03212318569421768,
    0.03235502541065216,
    0.0315350741147995,
    0.03156186640262604,
    0.03113814815878868
  ],
  "val_loss": [
    0.4708556532859802,
    0.371574729681015,
    0.3528134822845459,
    0.2667897045612335,
    0.28780895471572876,
    0.2964226305484772,
    0.300756573677063,
    0.2213665246963501,
    0.23135679960250854,
    0.37527400255203247,
    0.34221309423446655,
    0.32847684621810913,
    0.27066659927368164,
    0.2966706454753876,
    0.3097500801086426,
    0.29444292187690735,
    0.3337850272655487,
    0.28547072410583496
  ],
  "val_mae": [
    0.4708556532859802,
    0.371574729681015,
    0.3528134822845459,
    0.2667897045612335,
    0.28780895471572876,
    0.2964226305484772,
    0.300756573677063,
    0.2213665246963501,
    0.23135679960250854,
    0.37527400255203247,
    0.34221309423446655,
    0.32847684621810913,
    0.27066659927368164,
    0.2966706454753876,
    0.3097500801086426,
    0.29444292187690735,
    0.3337850272655487,
    0.28547072410583496
  ],
  "val_mse": [
    0.27255386114120483,
    0.18064138293266296,
    0.15126608312129974,
    0.11694071441888809,
    0.10793893039226532,
    0.14081218838691711,
    0.12248078733682632,
    0.08383089303970337,
    0.10251780599355698,
    0.17258211970329285,
    0.16744723916053772,
    0.13783304393291473,
    0.11798955500125885,
    0.12424977868795395,
    0.12577803432941437,
    0.11955685168504715,
    0.15250544250011444,
    0.1199435293674469
  ],
  "learning_rate": [
    0.0010000000474974513,
    0.0010000000474974513,
    0.0010000000474974513,
    0.0010000000474974513,
    0.0010000000474974513,
    0.0010000000474974513,
    0.0010000000474974513,
    0.0010000000474974513,
    0.0010000000474974513,
    0.0010000000474974513,
    0.0010000000474974513,
    0.0010000000474974513,
    0.0010000000474974513,
    0.0005000000237487257,
    0.0005000000237487257,
    0.0005000000237487257,
    0.0005000000237487257,
    0.0005000000237487257
  ]
}