{
  "loss": [
    0.25395750999450684,
    0.18084439635276794,
    0.1659071445465088,
    0.15861240029335022,
    0.15018147230148315,
    0.14754244685173035,
    0.1412300318479538,
    0.1394888162612915,
    0.13491946458816528,
    0.1318349838256836,
    0.128030925989151,
    0.1256222426891327,
    0.1247718334197998,
    0.12151526659727097,
    0.11861610412597656,
    0.11491472274065018,
    0.11303055286407471,
    0.11183616518974304,
    0.1115243211388588,
    0.10996554046869278,
    0.11115536093711853,
    0.11043432354927063,
    0.10891629010438919,
    0.10753072053194046,
    0.10664933919906616,
    0.10438498109579086,
    0.10253559052944183,
    0.10348377376794815,
    0.10282641649246216,
    0.10181330889463425,
    0.10298223048448563,
    0.09852176904678345,
    0.09904330223798752,
    0.09908446669578552,
    0.09957300871610641,
    0.0985458716750145
  ],
  "mae": [
    0.25395750999450684,
    0.18084439635276794,
    0.1659071445465088,
    0.15861240029335022,
    0.15018147230148315,
    0.14754244685173035,
    0.1412300318479538,
    0.1394888162612915,
    0.13491946458816528,
    0.1318349838256836,
    0.128030925989151,
    0.1256222426891327,
    0.1247718334197998,
    0.12151526659727097,
    0.11861610412597656,
    0.11491472274065018,
    0.11303055286407471,
    0.11183616518974304,
    0.1115243211388588,
    0.10996554046869278,
    0.11115536093711853,
    0.11043432354927063,
    0.10891629010438919,
    0.10753072053194046,
    0.10664933919906616,
    0.10438498109579086,
    0.10253559052944183,
    0.10348377376794815,
    0.10282641649246216,
    0.10181330889463425,
    0.10298223048448563,
    0.09852176904678345,
    0.09904330223798752,
    0.09908446669578552,
    0.09957300871610641,
    0.0985458716750145
  ],
  "mse": [
    0.14749883115291595,
    0.05506741628050804,
    0.046373151242733,
    0.0432075597345829,
    0.038606204092502594,
    0.03731093183159828,
    0.03432483971118927,
    0.03392847627401352,
    0.031515832990407944,
    0.03049302101135254,
    0.029188193380832672,
    0.02836284600198269,
    0.027959054335951805,
    0.026794755831360817,
    0.025686241686344147,
    0.024717269465327263,
    0.023866530507802963,
    0.023253286257386208,
    0.023050224408507347,
    0.022541319951415062,
    0.02309272810816765,
    0.022949814796447754,
    0.022359317168593407,
    0.021899595856666565,
    0.021639248356223106,
    0.020964186638593674,
    0.020331915467977524,
    0.020887726917862892,
    0.020347120240330696,
    0.020446602255105972,
    0.020527634769678116,
    0.01918759196996689,
    0.01934652589261532,
    0.019277047365903854,
    0.019480474293231964,
    0.019154047593474388
  ],
  "val_loss": [
    0.5077199339866638,
    0.3859403431415558,
    0.36611276865005493,
    0.34379610419273376,
    0.3665979206562042,
    0.28403425216674805,
    0.2596408724784851,
    0.34353479743003845,
    0.3240281045436859,
    0.254251629114151,
    0.2716439664363861,
    0.26415205001831055,
    0.3082873523235321,
    0.32443878054618835,
    0.28179776668548584,
    0.25015151500701904,
    0.25214633345603943,
    0.2639944851398468,
    0.23722206056118011,
    0.22073259949684143,
    0.2503965198993683,
    0.24011977016925812,
    0.2577534317970276,
    0.2645402252674103,
    0.23341749608516693,
    0.2167312055826187,
    0.22172801196575165,
    0.24408835172653198,
    0.2305457442998886,
    0.2475864738225937,
    0.22301623225212097,
    0.2368733137845993,
    0.25706860423088074,
    0.23243336379528046,
    0.24394384026527405,
    0.23684845864772797
  ],
  "val_mae": [
    0.5077199339866638,
    0.3859403431415558,
    0.36611276865005493,
    0.34379610419273376,
    0.3665979206562042,
    0.28403425216674805,
    0.2596408724784851,
    0.34353479743003845,
    0.3240281045436859,
    0.254251629114151,
    0.2716439664363861,
    0.26415205001831055,
    0.3082873523235321,
    0.32443878054618835,
    0.28179776668548584,
    0.25015151500701904,
    0.25214633345603943,
    0.2639944851398468,
    0.23722206056118011,
    0.22073259949684143,
    0.2503965198993683,
    0.24011977016925812,
    0.2577534317970276,
    0.2645402252674103,
    0.23341749608516693,
    0.2167312055826187,
    0.22172801196575165,
    0.24408835172653198,
    0.2305457442998886,
    0.2475864738225937,
    0.22301623225212097,
    0.2368733137845993,
    0.25706860423088074,
    0.23243336379528046,
    0.24394384026527405,
    0.23684845864772797
  ],
  "val_mse": [
    0.2947368919849396,
    0.17825031280517578,
    0.16052410006523132,
    0.14241087436676025,
    0.15906020998954773,
    0.10091724246740341,
    0.08839064091444016,
    0.1413300782442093,
    0.12593193352222443,
    0.08465387672185898,
    0.09338662028312683,
    0.08794736117124557,
    0.11495403200387955,
    0.12627345323562622,
    0.09927164018154144,
    0.08061447739601135,
    0.08155694603919983,
    0.08864365518093109,
    0.0744936391711235,
    0.06728233397006989,
    0.08011186867952347,
    0.07539884001016617,
    0.08376310765743256,
    0.08788425475358963,
    0.0723622515797615,
    0.06514240801334381,
    0.0673820972442627,
    0.07742130011320114,
    0.07037675380706787,
    0.07920271903276443,
    0.06759736686944962,
    0.07364272326231003,
    0.08356141299009323,
    0.07140850275754929,
    0.07693328708410263,
    0.07335490733385086
  ],
  "learning_rate": [
    0.0010000000474974513,
    0.0010000000474974513,
    0.0010000000474974513,
    0.0010000000474974513,
    0.0010000000474974513,
    0.0010000000474974513,
    0.0010000000474974513,
    0.0010000000474974513,
    0.0010000000474974513,
    0.0010000000474974513,
    0.0010000000474974513,
    0.0010000000474974513,
    0.0010000000474974513,
    0.0010000000474974513,
    0.0010000000474974513,
    0.0005000000237487257,
    0.0005000000237487257,
    0.0005000000237487257,
    0.0005000000237487257,
    0.0005000000237487257,
    0.0005000000237487257,
    0.0005000000237487257,
    0.0005000000237487257,
    0.0005000000237487257,
    0.0005000000237487257,
    0.0002500000118743628,
    0.0002500000118743628,
    0.0002500000118743628,
    0.0002500000118743628,
    0.0002500000118743628,
    0.0002500000118743628,
    0.0001250000059371814,
    0.0001250000059371814,
    0.0001250000059371814,
    0.0001250000059371814,
    0.0001250000059371814
  ]
}